{
  "pools": [
    {
      "rolls": 1,
      "entries": [
        {
          "type": "minecraft:item",
          "name": "minecraft:book",
          "weight": 65,
          "functions": [
            {
              "function": "minecraft:enchant_with_levels",
              "levels": {
                "min": 1,
                "max": 25
              },
              "treasure": false
            }
          ]
        },
        {
          "type": "minecraft:item",
          "name": "minecraft:book",
          "weight": 15,
          "functions": [
            {
              "function": "minecraft:enchant_with_levels",
              "levels": {
                "min": 26,
                "max": 30
              },
              "treasure": false
            }
          ]
        },
        {
          "type": "minecraft:item",
          "name": "minecraft:book",
          "weight": 5,
          "functions": [
            {
              "function": "minecraft:enchant_with_levels",
              "levels": {
                "min": 31,
                "max": 50
              },
              "treasure": false
            }
          ]
        },
        {
          "type": "minecraft:item",
          "name": "minecraft:book",
          "weight": 10,
          "functions": [
            {
              "function": "minecraft:enchant_with_levels",
              "levels": {
                "min": 26,
                "max": 39
              },
              "treasure": true
            }
          ]
        },
        {
          "type": "minecraft:loot_table",
          "name": "cam:cam/village_tales",
          "weight": 5,
          "conditions": [
            {
              "condition": "minecraft:value_check",
              "value": {
                "type": "score",
                "target": {
                  "type": "fixed",
                  "name": "#book"
                },
                "score": "CAM_module"
              },
              "range": 1
            }
          ]
        }
      ]
    }
  ]
}
