{
	"pools": [
		{
			"rolls": 1,
			"entries": [
				{
					"type": "minecraft:item",
					"name": "minecraft:wooden_sword",
					"functions": [
						{
							"function": "minecraft:set_nbt",
							"tag": "{id:\"cam:bamboo_rod\",CustomModelData:9102111,AttributeModifiers:[{AttributeName:\"generic.attack_damage\",Amount:1.5,Name:\"CAM\",UUID:[I;2224,4131,666,885],Slot:mainhand,Operation:0},{AttributeName:\"generic.attack_speed\",Amount:-2.4,Name:\"CAM\",UUID:[I;496,462,641,782],Slot:mainhand,Operation:0}],display:{Lore:['{\"translate\":\"text.floating\",\"italic\": false,\"color\": \"gray\"}','{\"translate\":\"item.modifiers.mainhand\",\"color\":\"gray\",\"italic\":false}','{\"translate\":\"attribute.modifier.equals.0\",\"with\":[{\"text\":2.5},{\"translate\":\"attribute.name.generic.attackDamage\"}],\"color\":\"dark_green\",\"italic\":false}','{\"translate\":\"attribute.modifier.equals.0\",\"with\":[{\"text\":1.6},{\"translate\":\"attribute.name.generic.attackSpeed\"}],\"color\":\"dark_green\",\"italic\":false}'],Name:'{\"translate\":\"item.cam.bamboo_rod\",\"italic\":false}'},HideFlags:2,RodModeShift:1b,CAM_rod:1b,CAM_float:1b}"
						}
					]
				}
			]
		}
	]
}
