{
  "pools": [
    {
      "rolls": 1,
      "entries": [
        {
          "type": "minecraft:item",
          "name": "minecraft:nautilus_shell",
          "functions": [
            {
              "function": "minecraft:set_nbt",
              "tag": "{CustomModelData:9102092,id:\"cam:golden_nautilus_shell\",display:{Name:'[{\"translate\":\"item.cam.golden_nautilus_shell\",\"color\":\"white\",\"bold\":false,\"italic\":false,\"underlined\":false,\"strikethrough\":false,\"obfuscated\":false}]'}}"
            }
          ]
        }
      ]
    }
  ]
}
