{
  "type": "minecraft:entity",
  "pools": [
    {
      "rolls": 1,
      "entries": [
        {
          "type": "minecraft:item",
          "functions": [
            {
              "function": "minecraft:set_nbt",
              "tag": "{CAM_sacrificing_table:1b,display:{Name:'[{\"translate\":\"item.cam.sacrificing_table\",\"italic\":false}]'},CustomModelData:9102065,id:\"cam:sacrificing_table\"}"
            }
          ],
          "name": "minecraft:blast_furnace"
        }
      ]
    }
  ]
}
