{
	"pools": [
		{
			"rolls": 1,
			"entries": [
				{
					"type": "minecraft:item",
					"name": "minecraft:written_book",
					"functions": [
						{
							"function": "minecraft:set_nbt",
							"tag": "{id:\"cam:village_tales\",CustomModelData:9102095,title:\"乡村传说\",author:\"Collin Roberts\",generation:1,CAM_tale:1b,pages:['[{\"text\":\"乡村传说\n\",\"color\":\"black\",\"bold\":true,\"italic\":false,\"underlined\":false,\"strikethrough\":false,\"obfuscated\":false},{\"text\":\"Collin Roberts 著\n\",\"color\":\"dark_gray\",\"bold\":false,\"italic\":false,\"underlined\":false,\"strikethrough\":false,\"obfuscated\":false},{\"text\":\"村民出版社 出版\n\",\"color\":\"dark_gray\",\"bold\":false,\"italic\":false,\"underlined\":false,\"strikethrough\":false,\"obfuscated\":false},{\"text\":\"1221年5月31日第一版\n\",\"color\":\"dark_gray\",\"bold\":false,\"italic\":false,\"underlined\":false,\"strikethrough\":false,\"obfuscated\":false},{\"text\":\"1221年16月35日第3次印刷\n\",\"color\":\"dark_gray\",\"bold\":false,\"italic\":false,\"underlined\":false,\"strikethrough\":false,\"obfuscated\":false}]','[{\"text\":\"前言\n\",\"color\":\"black\",\"bold\":true,\"italic\":false,\"underlined\":false,\"strikethrough\":false,\"obfuscated\":false},{\"text\":\"这是一本有关失落的传说的书。\n你问我是谁？这并不重要。如果你一定要知道，我只是一个不喜欢冒险，而选择在村子里终老一生的探险者，或者，按照一些人的习惯，玩家。\n\",\"color\":\"black\",\"bold\":false,\"italic\":false,\"underlined\":false,\"strikethrough\":false,\"obfuscated\":false},{\"text\":\"我在村庄里已经住了很多年了。在此期间，我学会了如何与村民交流，也因此，我从村子里的老村民和来去匆匆的探险者那里听闻了不少的传说。\n\",\"color\":\"black\",\"bold\":false,\"italic\":false,\"underlined\":false,\"strikethrough\":false,\"obfuscated\":false}]','[{\"text\":\"我无法确证它们的真假，只是觉得有趣，于是我把它们记录下来，以供消遣。\n如果你不嫌弃我的絮絮叨叨，就看下去吧。当然，如果你遇到了和描述相符的事件，请一定帮我确证一下。\nCollin Roberts\n1219年2月33日\",\"color\":\"black\",\"bold\":false,\"italic\":false,\"underlined\":false,\"strikethrough\":false,\"obfuscated\":false}]','[{\"text\":\"伐木工\n\",\"color\":\"black\",\"bold\":true,\"italic\":false,\"underlined\":false,\"strikethrough\":false,\"obfuscated\":false},{\"text\":\"在村子后一座丘陵的山脚下，一条土径通向一座孤零零的房子。里面住着一个奇怪的村民。\n他叫伐木工，他所提供的交易和其他的村民都不一样。\n然而，除了孤僻以外，他其他的行为，倒和农民没什么不同。他并不伐木，每天不过是种种地，过着勉强温饱的生活。\n\",\"color\":\"black\",\"bold\":false,\"italic\":false,\"underlined\":false,\"strikethrough\":false,\"obfuscated\":false}]','[{\"text\":\"有的时候，我去后山砍树归来，会经过他的房子，我也偶尔用多余的原木和他交换一些绿宝石。但每当我问他问题，他却从来不回答我，有时候甚至会愤怒地颤抖，然后躲进自己的小屋去。\n村子里的村民也几乎不和他来往。但我友善的邻居，村子里德高望重的图书管理员，还是跟我透露了一些他的情况：\n\",\"color\":\"black\",\"bold\":false,\"italic\":false,\"underlined\":false,\"strikethrough\":false,\"obfuscated\":false}]','[{\"text\":\"在我来之前很久，伐木工是很正常的，“他每天早晨出门砍树，晚上背着大量木材回来。村子最初的几间房屋，都是用他砍的木材建造的。他还有一把石斧，用来砍树方便异常。\n但是有一天，他中午就回来了。也不和人讲话，晚上就搬到了村子末端的山脚下。我们都找他，但他谁也不见。\",\"color\":\"black\",\"bold\":false,\"italic\":false,\"underlined\":false,\"strikethrough\":false,\"obfuscated\":false}]','[{\"text\":\"“不久有流言说，他渡河时把斧子掉进了河里，一位河神拿着金斧头出来，问他这是不是他的。但他最后只是要回了他的石斧。”\n虽然我一向尊敬我的老邻居，但他讲的这个故事，我却不能相信。这个显然出自《伊素寓言》的童话，我从小听到大。况且，伐木工的转变如此巨大，事情恐怕没那么简单……\",\"color\":\"black\",\"bold\":false,\"italic\":false,\"underlined\":false,\"strikethrough\":false,\"obfuscated\":false}]','[{\"text\":\"远洋宝藏\n\",\"color\":\"black\",\"bold\":true,\"italic\":false,\"underlined\":false,\"strikethrough\":false,\"obfuscated\":false},{\"text\":\"三年前，村子里来了一队探险者。他们衣着体面却风尘仆仆，带着驼队，以及不计其数的宝藏。他们在村子驻留了五天，与我们交换了不少财富。那些都是我从来没有见过的宝藏。最后我用两颗钻石和一位探险者交换了一个鹦鹉螺壳。（PS：它现在还放在我卧室的箱子里。）。\",\"color\":\"black\",\"bold\":false,\"italic\":false,\"underlined\":false,\"strikethrough\":false,\"obfuscated\":false}]','[{\"text\":\"但其中尤其让我感兴趣的是一件叫“眩晕重锤”的武器。它不仅有和铁斧一样的高伤害，还具备许多神奇的能力。一天晚上我亲眼看见一名探险者用这把锤子击中了一只僵尸。然后这只僵尸就静静的站在了原地，不动弹也不攻击，眼睁睁地看着探险者的下一次攻击把它击倒在地。\n听他们说，这是一种全新的附魔，而且这种附魔不能从附魔台得到。\",\"color\":\"black\",\"bold\":false,\"italic\":false,\"underlined\":false,\"strikethrough\":false,\"obfuscated\":false}]','[{\"text\":\"他们还说，这样有特殊附魔的武器一共有4件，但是他们的远洋船队沉没了两艘，剩下的三件武器也变就随着这两艘船沉入了海底。\n我当即就想把眩晕重锤买下来，甚至准备了一组绿宝石，但是武器商却用5块更加珍贵的蓝宝石抢先买走了。\n后来，我千方百计地想从武器商手里买下它，甚至给他开出了863块绿宝石的天价，但他就是不卖。我只好悻悻离去。\",\"color\":\"black\",\"bold\":false,\"italic\":false,\"underlined\":false,\"strikethrough\":false,\"obfuscated\":false}]','[{\"text\":\"四叶草\n\",\"color\":\"black\",\"bold\":true,\"italic\":false,\"underlined\":false,\"strikethrough\":false,\"obfuscated\":false},{\"text\":\"这是一件让我十分后悔的故事。\n两年前某天傍晚，我家的门突然被敲响了。门口站着一位身着奇装异服的村民。他用浓重的口音向我询问，能不能在这里借宿一宿。看到他身后的两只羊驼，我当即明白了，他是流浪商人。我连忙把他请进屋子，并把恰巧空着的牛棚让给他的羊驼。当然，我把一旁的小狗Leo带到了我的卧室，以防它被羊驼误伤。\",\"color\":\"black\",\"bold\":false,\"italic\":false,\"underlined\":false,\"strikethrough\":false,\"obfuscated\":false}]','[{\"text\":\"交谈间，流浪商人跟我推销起他的商品。在他的嘴里，似乎一条鳕鱼都拥有神奇的魔力，看来他是不知道我已经吃了上百条鳕鱼了。最离谱的是一棵四片叶子的草，和我储藏室堆积如山的野草别无二致，但是在他的描述下，那简直是拥有超自然的能量。即使我对这种嘘枯吹生的腔调早有了心理准备，但他的描述甚至一度让我有些心动，不过，看到15颗绿宝石的售价，我又打消了买下它的念头。\",\"color\":\"black\",\"bold\":false,\"italic\":false,\"underlined\":false,\"strikethrough\":false,\"obfuscated\":false}]','[{\"text\":\"交谈间，流浪商人跟我推销起他的商品。在他的嘴里，似乎一条鳕鱼都拥有神奇的魔力，看来他是不知道我已经吃了上百条鳕鱼了。最离谱的是一棵四片叶子的草，和我储藏室堆积如山的野草别无二致，但是在他的描述下，那简直是拥有超自然的能量。即使我对这种嘘枯吹生的腔调早有了心理准备，但他的描述甚至一度让我有些心动，不过，看到15颗绿宝石的售价，我又打消了买下它的念头。\",\"color\":\"black\",\"bold\":false,\"italic\":false,\"underlined\":false,\"strikethrough\":false,\"obfuscated\":false}]','[{\"text\":\"第二天清晨，我一觉醒来，发现流浪商人已经不辞而别了。\n我仍然过着我正常的生活，简单打理完我的农场以后，我就到图书管理员的家里去聊天。其间，我和他聊起了这件旷世奇闻。\n谁知他听完后却大为惊讶：“这家伙说的四叶草，是真的！”我轻蔑地说：“怎么可能！”他却从身后的书架上拿下一本书，放到讲台上，翻到一页，拿给我看：\",\"color\":\"black\",\"bold\":false,\"italic\":false,\"underlined\":false,\"strikethrough\":false,\"obfuscated\":false}]','[{\"text\":\"“秘草经第十九 四叶草\n是草也，色绿，为叶四，状与野草无异；\n味苦，无毒，食之亦无曾益；\n然佩之乎副手，可驱邪，一切晕眩、体弱、疲弊之效，顷刻之间，便自免去；\n又可驱恼鬼，拒之十尺外，不得近身。”\n旁边还配有一幅图，和昨天流浪商人展示的野草一模一样。\n我当即意识到我干了什么。\",\"color\":\"black\",\"bold\":false,\"italic\":false,\"underlined\":false,\"strikethrough\":false,\"obfuscated\":false}]','[{\"text\":\"顿时一阵后悔之意用上心头。想起前不久袭击的时候，我被3只恼鬼围攻，差点丢了性命；要是有了四叶草，或许就不会如此尴尬了吧。\n可惜，直到现在，仍然没有流浪商人再次光顾我们的村庄，我也再没有找到过一棵四叶草。\",\"color\":\"black\",\"bold\":false,\"italic\":false,\"underlined\":false,\"strikethrough\":false,\"obfuscated\":false}]','[{\"text\":\"神秘的鱼叉\n\",\"color\":\"black\",\"bold\":true,\"italic\":false,\"underlined\":false,\"strikethrough\":false,\"obfuscated\":false},{\"text\":\"几天前我杀死了一只溺尸。我仔细地检查了它的掉落物，却没有发现三叉戟。这让我有一点失望。\n但是，我发现了一把奇怪的武器。它像是一把鱼叉，但又有所不同。最引人注目的是它上面发出的，令人不安的蓝光。\n回到家，我愈发觉得不对劲。先是鱼缸里一直隔着玻璃板互相试探的美西螈和鲑鱼，纷纷退到鱼缸的角落里，神情似\",\"color\":\"black\",\"bold\":false,\"italic\":false,\"underlined\":false,\"strikethrough\":false,\"obfuscated\":false}]','[{\"text\":\"乎流露出恐惧。\n我很疑惑，检查了一下它的数据。攻击力不过与木剑相同。那么是什么让鱼们如此害怕呢？刚巧另一只溺尸从后门闯进了我的院子，我便拿着这把新得的鱼叉与它展开了战斗。说来也奇怪，仅仅两下，这只强壮的溺尸就倒下了。\n我似乎找到了一些原因。\",\"color\":\"black\",\"bold\":false,\"italic\":false,\"underlined\":false,\"strikethrough\":false,\"obfuscated\":false}]','[{\"text\":\"难道这把鱼叉对水生生物有着特殊的伤害？不过我还有别的事要做，没有时间去确认这一发现，加上这把鱼叉的耐久值也不高了，我最终决定把它丢进储藏室的角落里去了。\",\"color\":\"black\",\"bold\":false,\"italic\":false,\"underlined\":false,\"strikethrough\":false,\"obfuscated\":false}]','[{\"text\":\"老人与海\n\",\"color\":\"black\",\"bold\":true,\"italic\":false,\"underlined\":false,\"strikethrough\":false,\"obfuscated\":false},{\"text\":\"书接上回，不久前，我在翻阅图书馆的书籍时，意外地发现了一幅那把鱼叉的配图，它正插在一只远古守卫者的身上。一旁的文字是这样的：\n“在深海上，上了钩的大鱼把小船拖得离海岸越来越远，同时，大鱼也远远地离开了它的神庙。太阳落了星星出，星星落了太阳升，一直拖了两天两夜。这是一场双方毅力和耐力的竞赛。在追捕过程中，老人精疲力竭，头昏眼花，而大鱼的\",\"color\":\"black\",\"bold\":false,\"italic\":false,\"underlined\":false,\"strikethrough\":false,\"obfuscated\":false}]','[{\"text\":\"体力也渐渐地被消耗着。老人右手受了伤，左手直抽筋，又缺乏食品。为了保持体力，他不得不用难以下咽的生鱼肉充饥。本来，在这种情况下，他只要割断钓丝，放弃捕获物，便可摆脱困境。但他却从未闪现过退却的念头。他对自己说，‘痛苦在男子汉不算一回事。我也要让它知道什么是一个人能够办得到的，什么是一个人忍受得住的。’大鱼已无力发动激光攻击，于是，它一跃而起，试图以自己庞大的身躯\",\"color\":\"black\",\"bold\":false,\"italic\":false,\"underlined\":false,\"strikethrough\":false,\"obfuscated\":false}]','[{\"text\":\"对他发起最后一次冲击。单薄的小船剧烈地摇晃起来。但是，他冒着小船被颠覆的危险，始终对它穷追不舍；即使它跑到天涯海角，也准备奉陪到底。他大喊道：‘一个人并不是生来要给打败的……你尽可把他消灭掉，可就是打不败他！’就在它柔软的身躯暴露在老人头顶的时候，老人及时地扔出了鱼叉。鱼叉穿透了大鱼岩石般的外壳。它跌入了水中，不久，便没有了生气。老人仰倒在船上。他胜利了。”\",\"color\":\"black\",\"bold\":false,\"italic\":false,\"underlined\":false,\"strikethrough\":false,\"obfuscated\":false}]','[{\"text\":\"这本书的名字叫《老人与海》。这是一本一个世纪前的小说。也许，那时候就有这鱼叉的记载了？或者，这把鱼叉就是那时的产物？它又是怎么流落到溺尸手里的？我苦思冥想，却不能找到一个合理的答案。也许，正在读这本书的你可以。\",\"color\":\"black\",\"bold\":false,\"italic\":false,\"underlined\":false,\"strikethrough\":false,\"obfuscated\":false}]','[{\"text\":\"暗夜幽灵\n\",\"color\":\"black\",\"bold\":true,\"italic\":false,\"underlined\":false,\"strikethrough\":false,\"obfuscated\":false},{\"text\":\"村子里有阅历的老村民都说，他们曾经见过幽灵（Phantom）。\n不，不是幻翼，不是那个在你精神恍惚时出现的梦魇。我说的是一种隐形的可怕骷髅。\n听说，它只在新月夜出现，无声无息，就连手持的弓都隐藏在暗夜里，难以被发现。\n村民们对此非常害怕，这并不是没有道理的。\",\"color\":\"black\",\"bold\":false,\"italic\":false,\"underlined\":false,\"strikethrough\":false,\"obfuscated\":false}]','[{\"text\":\"不过，据我发现的一些记载，幽灵骷髅并不是无法战胜的。据载，幽灵拉弓时，手中的弓会变得更显眼，人们可以抓住它拉弓的瞬间找到它的位置；铁傀儡和有经验的探险家也会根据箭矢射来的方向确定幽灵的位置。\n这些天来，我一直渴望与幽灵骷髅过过招，可惜知道现在，我也没有如愿。我现在甚至有的怀疑：幽灵骷髅真的存在吗？\",\"color\":\"black\",\"bold\":false,\"italic\":false,\"underlined\":false,\"strikethrough\":false,\"obfuscated\":false}]','','[{\"text\":\"再版后记\n\",\"color\":\"black\",\"bold\":true,\"italic\":false,\"underlined\":false,\"strikethrough\":false,\"obfuscated\":false},{\"text\":\"写这本书的时候，我并没有料到它会如此受欢迎。现在，它在整个世界的村庄和探险者营地里流传开来。在此期间，我也收到了不少来自读者的反馈，我记载的传说也陆陆续续被证实了，并且听说了不少新的传闻，比如一名沙漠村庄的旅居者来信说她在尸壳手里看见过一把奇怪的长矛，等等。\",\"color\":\"black\",\"bold\":false,\"italic\":false,\"underlined\":false,\"strikethrough\":false,\"obfuscated\":false}]','[{\"text\":\"前不久，我的老邻居来找我，说这本书反响很好，可以再版，并且要在全维度发售。\n我自然是很乐意的，于是简要修改了书中一些错漏之处，并且补上了这篇后记。\n对于一些已经确证的传说，我没有抹去它们，我并不能确定它们在这些书流传到的地方是不是仍然存在。\",\"color\":\"black\",\"bold\":false,\"italic\":false,\"underlined\":false,\"strikethrough\":false,\"obfuscated\":false}]','[{\"text\":\"如果你在异世界看到了这本书，我希望你能喜欢它。不过，没有必要来找我了，你的世界早已没有我。\nCollin Roberts\n1221年5月19日\",\"color\":\"black\",\"bold\":false,\"italic\":false,\"underlined\":false,\"strikethrough\":false,\"obfuscated\":false}]']}"
						}
					]
				}
			]
		}
	]
}
