{
  "pools": [
    {
      "rolls": 1,
      "entries": [
        {
          "type": "minecraft:item",
          "name": "minecraft:poisonous_potato",
          "functions": [
            {
              "function": "minecraft:set_nbt",
              "tag": "{display:{Name:'[{\"translate\":\"item.cam.wither_potato\",\"bold\":false,\"italic\":false,\"underlined\":false,\"strikethrough\":false,\"obfuscated\":false}]'},id:\"cam:wither_potato\",CustomModelData:9102083,CAM_wither_potato:1b}"
            }
          ]
        }
      ]
    }
  ]
}
