{
    "pools": [
        {
            "rolls": 1,
            "entries": [
                {
                    "type": "loot_table",
                    "name": "cam:fishing/cod",
                    "weight": 58
                },
                {
                    "type": "item",
                    "name": "minecraft:salmon",
                    "weight": 27
                },
                {
                    "type": "item",
                    "name": "minecraft:pufferfish",
                    "weight": 13
                },
                {
                    "type": "item",
                    "name": "minecraft:tropical_fish",
                    "weight": 2
                }
            ]
        }
    ]
}
