{
  "pools": [
    {
      "rolls": 1,
      "entries": [
        {
          "type": "minecraft:loot_table",
          "name": "cam:sacrificing_table/physics/dizziness",
          "conditions": [
            {
              "condition": "minecraft:any_of",
              "terms": [
                {
                  "condition": "minecraft:inverted",
                  "term": {
                    "condition": "minecraft:any_of",
                    "terms": [
                      {
                        "condition": "minecraft:entity_properties",
                        "entity": "this",
                        "predicate": {
                          "equipment": {
                            "chest": {
                              "tag": "cam:bows"
                            }
                          }
                        }
                      }
                    ]
                  }
                },
                {
                  "condition": "minecraft:entity_properties",
                  "entity": "this",
                  "predicate": {
                    "equipment": {
                      "chest": {
                        "tag": "cam:bows",
                        "nbt": "{id:\"cam:bow_with_blade\"}"
                      }
                    }
                  }
                }
              ]
            }
          ],
          "weight": 1
        },
        {
          "type": "minecraft:loot_table",
          "name": "cam:sacrificing_table/physics/freeze",
          "weight": 3
        },
        {
          "type": "minecraft:loot_table",
          "name": "cam:sacrificing_table/physics/poison",
          "weight": 3
        },
        {
          "type": "minecraft:loot_table",
          "name": "cam:sacrificing_table/physics/decay",
          "weight": 3
        },
        {
          "type": "minecraft:loot_table",
          "name": "cam:sacrificing_table/physics/rampage",
          "weight": 3
        },
        {
          "type": "minecraft:loot_table",
          "name": "cam:sacrificing_table/physics/rattlesnake",
          "conditions": [
            {
              "condition": "minecraft:any_of",
              "terms": [
                {
                  "condition": "minecraft:inverted",
                  "term": {
                    "condition": "minecraft:any_of",
                    "terms": [
                      {
                        "condition": "minecraft:entity_properties",
                        "entity": "this",
                        "predicate": {
                          "equipment": {
                            "chest": {
                              "tag": "cam:bows"
                            }
                          }
                        }
                      }
                    ]
                  }
                },
                {
                  "condition": "minecraft:entity_properties",
                  "entity": "this",
                  "predicate": {
                    "equipment": {
                      "chest": {
                        "tag": "cam:bows",
                        "nbt": "{id:\"cam:bow_with_blade\"}"
                      }
                    }
                  }
                }
              ]
            }
          ],
          "weight": 2
        },
        {
          "type": "minecraft:loot_table",
          "name": "cam:sacrificing_table/physics/swift",
          "conditions": [
            {
              "condition": "minecraft:entity_properties",
              "entity": "this",
              "predicate": {
                "equipment": {
                  "chest": {
                    "tag": "cam:bows"
                  }
                }
              }
            }
          ],
          "weight": 1
        }
      ]
    }
  ]
}
