{
  "condition": "minecraft:inverted",
  "term": {
    "condition": "minecraft:any_of",
    "terms": [
      {
        "condition": "minecraft:inverted",
        "term": {
          "condition": "minecraft:location_check",
          "predicate": {
            "block": {
              "nbt": "{Items:[{id:\"minecraft:cod\",Slot:0b,tag:{id:\"cam:fish\"}},{id:\"minecraft:cooked_cod\",Slot:2b}]}"
            }
          }
        }
      },
      {
        "condition": "minecraft:location_check",
        "predicate": {
          "block": {
            "nbt": "{Items:[{Slot:2b,tag:{id:\"cam:cooked_fish\"}}]}"
          }
        }
      }
    ]
  }
}
