{
    "condition": "minecraft:any_of",
    "terms": [
        {
            "condition": "minecraft:entity_properties",
            "entity": "this",
            "predicate": {
                "equipment": {
                    "mainhand": {
                        "items": [
                            "snowball"
                        ],
                        "nbt": "{CAM_woolball:1b}"
                    }
                }
            }
        },
        {
            "condition": "minecraft:inverted",
            "term": {
                "condition": "minecraft:any_of",
                "terms": [
                    {
                        "condition": "minecraft:entity_properties",
                        "entity": "this",
                        "predicate": {
                            "equipment": {
                                "mainhand": {
                                    "items": [
                                        "snowball"
                                    ]
                                }
                            }
                        }
                    },
                    {
                        "condition": "minecraft:inverted",
                        "term": {
                            "condition": "minecraft:entity_properties",
                            "entity": "this",
                            "predicate": {
                                "equipment": {
                                    "offhand": {
                                        "items": [
                                            "snowball"
                                        ],
                                        "nbt": "{CAM_woolball:1b}"
                                    }
                                }
                            }
                        }
                    }
                ]
            }
        }
    ]
}
