{
  "condition": "minecraft:any_of",
  "terms": [
    {
      "condition": "minecraft:inverted",
      "term": {
        "condition": "minecraft:any_of",
        "terms": [
          {
            "condition": "minecraft:entity_properties",
            "entity": "this",
            "predicate": {
              "nbt": "{SelectedItem:{id:\"minecraft:item_frame\"}}"
            }
          },
          {
            "condition": "minecraft:inverted",
            "term": {
              "condition": "minecraft:entity_properties",
              "entity": "this",
              "predicate": {
                "nbt": "{Inventory:[{Slot:-106b,tag:{CAM_chinese_knot:1b}}]}"
              }
            }
          }
        ]
      }
    },
    {
      "condition": "minecraft:entity_properties",
      "entity": "this",
      "predicate": {
        "nbt": "{SelectedItem:{tag:{CAM_chinese_knot:1b}}}"
      }
    }
  ]
}
