{
    "condition": "minecraft:any_of",
    "terms": [
        {
            "condition": "minecraft:inverted",
            "term": {
                "condition": "minecraft:any_of",
                "terms": [
                    {
                        "condition": "minecraft:entity_properties",
                        "entity": "this",
                        "predicate": {
                            "equipment": {
                                "mainhand": {
                                    "items": [
                                        "carrot_on_a_stick"
                                    ]
                                }
                            }
                        }
                    },
                    {
                        "condition": "minecraft:inverted",
                        "term": {
                            "condition": "minecraft:entity_properties",
                            "entity": "this",
                            "predicate": {
                                "equipment": {
                                    "offhand": {
                                        "items": [
                                            "carrot_on_a_stick"
                                        ],
                                        "nbt": "{id:\"cam:mysterious_cane\"}"
                                    }
                                }
                            }
                        }
                    }
                ]
            }
        }
    ]
}
