{
  "condition": "minecraft:any_of",
  "terms": [
    {
      "condition": "minecraft:entity_properties",
      "entity": "this",
      "predicate": {
        "nbt": "{SelectedItem:{tag:{id:\"cam:health_heart\"}}}"
      }
    },
    {
      "condition": "inverted",
      "term": {
        "condition": "minecraft:any_of",
        "terms": [
          {
            "condition": "inverted",
            "term": {
              "condition": "minecraft:entity_properties",
              "entity": "this",
              "predicate": {
                "nbt": "{Inventory:[{Slot:-106b,tag:{id:\"cam:health_heart\"}}]}"
              }
            }
          },
          {
            "condition": "minecraft:entity_properties",
            "entity": "this",
            "predicate": {
              "nbt": "{SelectedItem:{id:\"minecraft:carrot_on_a_stick\"}}"
            }
          }
        ]
      }
    }
  ]
}
