{
    "pools": [
        {
            "rolls": 1,
            "entries": [
                {
                    "type": "item",
                    "name": "minecraft:cactus"
                },
                {
                    "type": "tag",
                    "name": "cam:coral_blocks",
                    "expand": true
                }
            ],
            "functions": [
                {
                    "function": "minecraft:set_nbt",
                    "tag": "{CAM_wander_p:3,CAM_wander_c:8,CAM_wander:1b}"
                }
            ]
        }
    ]
}
