{
  "pools": [
    {
      "rolls": 1,
      "entries": [
        {
          "type": "minecraft:item",
          "name": "minecraft:iron_sword",
          "conditions": [
            {
              "condition": "minecraft:entity_scores",
              "entity": "this",
              "scores": {
                "CAM_hunterlvl": 1
              }
            }
          ]
        },
        {
          "type": "minecraft:item",
          "name": "minecraft:arrow",
          "functions": [
            {
              "function": "minecraft:set_count",
              "count": {
                "min": 24,
                "max": 32
              }
            }
          ],
          "conditions": [
            {
              "condition": "minecraft:entity_scores",
              "entity": "this",
              "scores": {
                "CAM_hunterlvl": 2
              }
            }
          ]
        },
        {
          "type": "minecraft:item",
          "name": "minecraft:bone",
          "functions": [
            {
              "function": "minecraft:set_count",
              "count": {
                "min": 6,
                "max": 11
              }
            }
          ],
          "conditions": [
            {
              "condition": "minecraft:entity_scores",
              "entity": "this",
              "scores": {
                "CAM_hunterlvl": 3
              }
            }
          ]
        },
        {
          "type": "minecraft:alternatives",
          "children": [
            {
              "type": "minecraft:item",
              "name": "minecraft:egg",
              "functions": [
                {
                  "function": "minecraft:set_count",
                  "count": {
                    "min": 8,
                    "max": 16
                  }
                }
              ]
            },
            {
              "type": "minecraft:item",
              "name": "minecraft:snowball",
              "conditions": [
                {
                  "condition": "minecraft:entity_scores",
                  "entity": "this",
                  "scores": {
                    "CAM_villagertype": 1
                  }
                },
                {
                  "condition": "minecraft:random_chance",
                  "chance": 0.7
                }
              ],
              "functions": [
                {
                  "function": "minecraft:set_count",
                  "count": {
                    "min": 8,
                    "max": 16
                  }
                }
              ]
            }
          ],
          "conditions": [
            {
              "condition": "minecraft:entity_scores",
              "entity": "this",
              "scores": {
                "CAM_hunterlvl": 3
              }
            }
          ]
        },
        {
          "type": "minecraft:group",
          "children": [
            {
              "type": "minecraft:item",
              "name": "minecraft:iron_horse_armor"
            },
            {
              "type": "minecraft:item",
              "name": "minecraft:golden_horse_armor"
            },
            {
              "type": "minecraft:item",
              "name": "minecraft:diamond_horse_armor"
            },
            {
              "type": "minecraft:item",
              "name": "minecraft:leather_horse_armor"
            }
          ],
          "conditions": [
            {
              "condition": "minecraft:entity_scores",
              "entity": "this",
              "scores": {
                "CAM_hunterlvl": 4
              }
            }
          ]
        }
      ]
    }
  ]
}
