{
  "pools": [
    {
      "rolls": 1,
      "entries": [
        {
          "type": "minecraft:item",
          "name": "minecraft:rotten_flesh",
          "functions": [
            {
              "function": "minecraft:set_count",
              "count": {
                "min": 4,
                "max": 9
              }
            }
          ],
          "conditions": [
            {
              "condition": "minecraft:entity_scores",
              "entity": "this",
              "scores": {
                "CAM_hunterlvl": 1
              }
            }
          ]
        },
        {
          "type": "minecraft:item",
          "name": "minecraft:rabbit_hide",
          "functions": [
            {
              "function": "minecraft:set_count",
              "count": {
                "min": 3,
                "max": 6
              }
            }
          ],
          "conditions": [
            {
              "condition": "minecraft:entity_scores",
              "entity": "this",
              "scores": {
                "CAM_hunterlvl": 2
              }
            }
          ]
        },
        {
          "type": "alternatives",
          "children": [
            {
              "type": "loot_table",
              "name": "cam:cam/bushmeat",
              "conditions": [
                {
                  "condition": "minecraft:value_check",
                  "value": {
                    "type": "score",
                    "target": {
                      "type": "fixed",
                      "name": "#food"
                    },
                    "score": "CAM_module"
                  },
                  "range": 1
                }
              ]
            },
            {
              "type": "item",
              "name": "rotten_flesh"
            }
          ],
          "conditions": [
            {
              "condition": "minecraft:entity_scores",
              "entity": "this",
              "scores": {
                "CAM_hunterlvl": 2
              }
            }
          ]
        },
        {
          "type": "minecraft:alternatives",
          "children": [
            {
              "type": "minecraft:item",
              "name": "minecraft:bamboo",
              "conditions": [
                {
                  "condition": "minecraft:entity_scores",
                  "entity": "this",
                  "scores": {
                    "CAM_villagertype": 2
                  }
                },
                {
                  "condition": "minecraft:random_chance",
                  "chance": 0.7
                }
              ],
              "functions": [
                {
                  "function": "minecraft:set_count",
                  "count": {
                    "min": 1,
                    "max": 3
                  }
                }
              ]
            },
            {
              "type": "minecraft:item",
              "name": "minecraft:slime_ball",
              "conditions": [
                {
                  "condition": "minecraft:entity_scores",
                  "entity": "this",
                  "scores": {
                    "CAM_villagertype": 3
                  }
                },
                {
                  "condition": "minecraft:random_chance",
                  "chance": 0.7
                }
              ],
              "functions": [
                {
                  "function": "minecraft:set_count",
                  "count": {
                    "min": 1,
                    "max": 3
                  }
                }
              ]
            },
            {
              "type": "minecraft:item",
              "name": "minecraft:gunpowder",
              "functions": [
                {
                  "function": "minecraft:set_count",
                  "count": {
                    "min": 4,
                    "max": 9
                  }
                }
              ]
            }
          ],
          "conditions": [
            {
              "condition": "minecraft:entity_scores",
              "entity": "this",
              "scores": {
                "CAM_hunterlvl": 3
              }
            }
          ]
        },
        {
          "type": "minecraft:item",
          "name": "minecraft:sugar",
          "functions": [
            {
              "function": "minecraft:set_count",
              "count": {
                "min": 2,
                "max": 5
              }
            }
          ],
          "conditions": [
            {
              "condition": "minecraft:entity_scores",
              "entity": "this",
              "scores": {
                "CAM_hunterlvl": 3
              }
            }
          ]
        },
        {
          "type": "minecraft:item",
          "name": "minecraft:phantom_membrane",
          "conditions": [
            {
              "condition": "minecraft:entity_scores",
              "entity": "this",
              "scores": {
                "CAM_hunterlvl": 4
              }
            }
          ]
        },
        {
          "type": "minecraft:item",
          "name": "minecraft:nautilus_shell",
          "conditions": [
            {
              "condition": "minecraft:entity_scores",
              "entity": "this",
              "scores": {
                "CAM_hunterlvl": 4
              }
            }
          ]
        },
        {
          "type": "minecraft:item",
          "name": "minecraft:compass",
          "conditions": [
            {
              "condition": "minecraft:entity_scores",
              "entity": "this",
              "scores": {
                "CAM_hunterlvl": 5
              }
            }
          ]
        }
      ]
    }
  ]
}
