{
  "pools": [
    {
      "rolls": 1,
      "entries": [
        {
          "type": "minecraft:alternatives",
          "children": [
            {
              "type": "minecraft:loot_table",
              "name": "cam:fishing/fish/cold",
              "conditions": [
                {
                  "condition": "minecraft:any_of",
                  "terms": [
                    {
                      "condition": "minecraft:location_check",
                      "predicate": {
                        "biome": "minecraft:frozen_ocean"
                      }
                    },
                    {
                      "condition": "minecraft:location_check",
                      "predicate": {
                        "biome": "minecraft:frozen_river"
                      }
                    },
                    {
                      "condition": "minecraft:location_check",
                      "predicate": {
                        "biome": "minecraft:deep_frozen_ocean"
                      }
                    },
                    {
                      "condition": "minecraft:location_check",
                      "predicate": {
                        "biome": "minecraft:cold_ocean"
                      }
                    },
                    {
                      "condition": "minecraft:location_check",
                      "predicate": {
                        "biome": "minecraft:deep_cold_ocean"
                      }
                    }
                  ]
                }
              ]
            },
            {
              "type": "minecraft:loot_table",
              "name": "cam:fishing/fish/warm",
              "conditions": [
                {
                  "condition": "minecraft:any_of",
                  "terms": [
                    {
                      "condition": "minecraft:location_check",
                      "predicate": {
                        "biome": "minecraft:deep_lukewarm_ocean"
                      }
                    },
                    {
                      "condition": "minecraft:location_check",
                      "predicate": {
                        "biome": "minecraft:lukewarm_ocean"
                      }
                    }
                  ]
                }
              ]
            },
            {
              "type": "minecraft:loot_table",
              "name": "cam:fishing/fish/hot",
              "conditions": [
                {
                  "condition": "minecraft:any_of",
                  "terms": [
                    {
                      "condition": "minecraft:location_check",
                      "predicate": {
                        "biome": "minecraft:deep_warm_ocean"
                      }
                    },
                    {
                      "condition": "minecraft:location_check",
                      "predicate": {
                        "biome": "minecraft:warm_ocean"
                      }
                    }
                  ]
                }
              ]
            },
            {
              "type": "minecraft:loot_table",
              "name": "cam:fishing/fish/other"
            }
          ]
        }
      ]
    }
  ]
}
