{
    "type": "minecraft:chest",
    "pools": [
        {
            "rolls": 1,
            "entries": [
                {
                    "type": "item",
                    "name": "minecraft:lily_pad",
                    "weight": 20
                },
                {
                    "type": "item",
                    "name": "minecraft:name_tag",
                    "weight": 20
                },
                {
                    "type": "item",
                    "name": "minecraft:saddle",
                    "weight": 20
                },
                {
                    "type": "item",
                    "name": "minecraft:bow",
                    "weight": 20,
                    "functions": [
                        {
                            "function": "set_damage",
                            "damage": {
                                "min": 0,
                                "max": 0.25
                            }
                        },
                        {
                            "function": "enchant_with_levels",
                            "levels": 30,
                            "treasure": true
                        }
                    ]
                },
                {
                    "type": "item",
                    "name": "minecraft:fishing_rod",
                    "weight": 20,
                    "functions": [
                        {
                            "function": "set_damage",
                            "damage": {
                                "min": 0,
                                "max": 0.25
                            }
                        },
                        {
                            "function": "enchant_with_levels",
                            "levels": 30,
                            "treasure": true
                        }
                    ]
                },
                {
                    "type": "item",
                    "name": "minecraft:book",
                    "weight": 20,
                    "functions": [
                        {
                            "function": "enchant_with_levels",
                            "levels": 30,
                            "treasure": true
                        }
                    ]
                },
                {
                    "type": "item",
                    "name": "minecraft:nautilus_shell",
                    "weight": 19
                },
                {
                    "type": "loot_table",
                    "name": "cam:cam/golden_nautilus_shell",
                    "weight": 1
                },
                {
                    "type": "item",
                    "name": "minecraft:iron_ingot",
                    "weight": 15
                },
                {
                    "type": "item",
                    "name": "minecraft:copper_ingot",
                    "weight": 19
                },
                {
                    "type": "item",
                    "name": "minecraft:gold_ingot",
                    "weight": 1
                },
                {
                    "type": "item",
                    "name": "minecraft:diamond",
                    "weight": 1
                },
                {
                    "weight": 9,
                    "type": "minecraft:loot_table",
                    "name": "fi:clover_fish",
                    "conditions": [
                        {
                            "condition": "minecraft:value_check",
                            "value": {
                                "type": "score",
                                "target": {
                                    "type": "fixed",
                                    "name": "#fisma"
                                },
                                "score": "CAM_module"
                            },
                            "range": 1
                        }
                    ]
                },
                {
                    "type": "minecraft:item",
                    "name": "minecraft:map",
                    "functions": [
                        {
                            "function": "minecraft:exploration_map",
                            "search_radius": 3000,
                            "decoration": "red_x",
                            "skip_existing_chunks": false,
                            "zoom": 1
                        },
                        {
                            "function": "minecraft:set_name",
                            "name": {
                                "translate": "filled_map.buried_treasure"
                            }
                        }
                    ],
                    "weight": 6
                },
                {
                    "type": "minecraft:item",
                    "functions": [
                        {
                            "function": "minecraft:exploration_map",
                            "destination": "village",
                            "skip_existing_chunks": false,
                            "search_radius": 3000,
                            "decoration": "red_x",
                            "zoom": 1
                        },
                        {
                            "function": "set_nbt",
                            "tag": "{display:{Lore:['{\"translate\":\"lore.cam.maprag\"}'],Name:'[{\"translate\":\"item.cam.homemap\",\"italic\":\"false\"}]'}}"
                        }
                    ],
                    "name": "minecraft:map",
                    "weight": 3
                },
                {
                    "type": "minecraft:item",
                    "functions": [
                        {
                            "function": "minecraft:exploration_map",
                            "destination": "shipwreck",
                            "skip_existing_chunks": false,
                            "decoration": "red_x",
                            "zoom": 1
                        },
                        {
                            "function": "set_nbt",
                            "tag": "{display:{Lore:['{\"translate\":\"lore.cam.maprag\"}'],Name:'[{\"translate\":\"item.cam.unknownmap\",\"italic\":\"false\"}]'},HideFlags:1,}"
                        }
                    ],
                    "name": "minecraft:map",
                    "weight": 3
                },
                {
                    "type": "minecraft:item",
                    "functions": [
                        {
                            "function": "minecraft:exploration_map",
                            "destination": "cam:pillager_post",
                            "skip_existing_chunks": false,
                            "search_radius": 3000,
                            "decoration": "red_x",
                            "zoom": 1
                        },
                        {
                            "function": "set_nbt",
                            "tag": "{display:{Lore:['{\"translate\":\"lore.cam.maprag\"}'],Name:'[{\"translate\":\"item.cam.unknownmap\",\"italic\":\"false\"}]'},HideFlags:1}"
                        }
                    ],
                    "name": "minecraft:map",
                    "weight": 2
                },
                {
                    "type": "minecraft:item",
                    "functions": [
                        {
                            "function": "minecraft:exploration_map",
                            "destination": "ocean_ruin",
                            "skip_existing_chunks": false,
                            "search_radius": 3000,
                            "decoration": "red_x",
                            "zoom": 1
                        },
                        {
                            "function": "set_nbt",
                            "tag": "{display:{Lore:['{\"translate\":\"lore.cam.maprag\"}'],Name:'[{\"translate\":\"item.cam.unknownmap\",\"italic\":\"false\"}]'},HideFlags:1,}"
                        }
                    ],
                    "name": "minecraft:map",
                    "weight": 5
                }
            ]
        }
    ]
}
