{
    "pools": [
        {
            "rolls": 1,
            "entries": [
                {
                    "type": "item",
                    "name": "minecraft:small_dripleaf"
                },
                {
                    "type": "item",
                    "name": "minecraft:rooted_dirt"
                },
                {
                    "type": "item",
                    "name": "minecraft:moss_block"
                },
                {
                    "type": "item",
                    "name": "minecraft:pointed_dripstone"
                },
                {
                    "type": "item",
                    "name": "minecraft:ink_sac"
                }
            ],
            "functions": [
                {
                    "function": "minecraft:set_nbt",
                    "tag": "{CAM_wander_p:1,CAM_wander_c:12,CAM_wander:1b}"
                },
                {
                    "function": "minecraft:set_count",
                    "count": 2
                }
            ]
        }
    ]
}
