{
    "pools": [
        {
            "rolls": 1,
            "entries": [
                {
                    "type": "item",
                    "name": "minecraft:red_sand"
                }
            ],
            "functions": [
                {
                    "function": "minecraft:set_nbt",
                    "tag": "{CAM_wander_p:1,CAM_wander_c:6,CAM_wander:1b}"
                },
                {
                    "function": "minecraft:set_count",
                    "count": 4
                }
            ]
        }
    ]
}
