{
  "display": {
    "icon": {
      "item": "minecraft:wooden_sword",
      "nbt": "{CustomModelData:9102002}"
    },
    "title": {
      "translate": "advancements.cam.undefeatable.title"
    },
    "description": {
      "translate": "advancements.cam.undefeatable.description"
    },
    "frame": "challenge"
  },
  "parent": "cam:countryside_and_magic/village_tales",
  "criteria": {
    "default": {
      "trigger": "minecraft:player_killed_entity",
      "conditions": {
        "player": {
          "nbt": "{SelectedItem:{tag:{id:\"cam:marine_harpoon\"}}}"
        },
        "entity": {
          "type": "minecraft:elder_guardian"
        }
      }
    }
  },
  "rewards": {
    "experience": 100
  }
}
