{
	"pools": [
		{
			"rolls": 1,
			"entries": [
				{
					"type": "minecraft:item",
					"name": "minecraft:bow",
					"functions": [
						{
							"function": "minecraft:set_nbt",
							"tag": "{AttributeModifiers:[{Operation:0,Amount:4.5,UUIDLeast:1L,UUIDMost:1L,UUID:[I;183,14,54563,65],Slot:mainhand,AttributeName:\"generic.attackDamage\",Name:\"CBC\"},{Operation:0,Amount:-2.8,UUIDLeast:1L,UUIDMost:1L,UUID:[I;183,14,54564,4564],Slot:mainhand,AttributeName:\"generic.attackSpeed\",Name:\"CBC\"},{Operation:0,Amount:4.5,UUIDLeast:1L,UUIDMost:1L,UUID:[I;183,14,54563,65],Slot:mainhand,AttributeName:\"generic.attack_damage\",Name:\"CBC\"},{Operation:0,Amount:-2.8,UUIDLeast:1L,UUIDMost:1L,UUID:[I;183,14,54564,4564],Slot:mainhand,AttributeName:\"generic.attack_speed\",Name:\"CBC\"}],display:{Lore:['{\"translate\":\"item.modifiers.mainhand\",\"color\":\"gray\",\"italic\":false}','{\"translate\":\"attribute.modifier.equals.0\",\"with\":[{\"text\":5.5},{\"translate\":\"attribute.name.generic.attackDamage\"}],\"color\":\"dark_green\",\"italic\":false}','{\"translate\":\"attribute.modifier.equals.0\",\"with\":[{\"text\":1.2},{\"translate\":\"attribute.name.generic.attackSpeed\"}],\"color\":\"dark_green\",\"italic\":false}'],Name:'{\"translate\":\"item.cam.bow_with_blade\",\"italic\":false}'},CustomDamage:1b,CustomModelData:9102018,HideFlags:2,id:\"cam:bow_with_blade\"}"
						}
					]
				}
			]
		}
	]
}
