{
	"pools": [
		{
			"rolls": 1,
			"entries": [
				{
					"type": "minecraft:item",
					"name": "minecraft:carrot_on_a_stick",
					"functions": [
						{
							"function": "minecraft:set_nbt",
							"tag": "{id:\"cam:mysterious_cane\",CustomModelData:9102130,AttributeModifiers:[{AttributeName:\"generic.attack_damage\",Amount:0,Name:\"CAM\",UUID:[I;454,131,484741,14545],Slot:mainhand,Operation:0},{AttributeName:\"generic.attack_speed\",Amount:-3.5,Name:\"CAM\",UUID:[I;456456,564541,14,164],Slot:mainhand,Operation:0}],display:{Lore:['{\"translate\":\"enchantment.cam.general\",\"with\":[{\"translate\":\"enchant.cam.execution\"},{\"translate\":\"enchantment.level.5\"}],\"color\":\"gray\",\"italic\":\"false\"}','{\"text\":\"\"}','{\"translate\":\"item.modifiers.mainhand\",\"color\":\"gray\",\"italic\":false}','{\"translate\":\"attribute.modifier.equals.0\",\"with\":[{\"text\":1},{\"translate\":\"attribute.name.generic.attackDamage\"}],\"color\":\"dark_green\",\"italic\":false}','{\"translate\":\"attribute.modifier.equals.0\",\"with\":[{\"text\":0.5},{\"translate\":\"attribute.name.generic.attackSpeed\"}],\"color\":\"dark_green\",\"italic\":false}'],Name:'{\"translate\":\"item.cam.mysterious_cane\",\"italic\":false}'},HideFlags:6,Unbreakable:1b,CAM_Enchantments:[{id:\"cam:execution\",lvl:5}],Enchantments:[{id:\"cam:antigrind\"}],RepairCost:65,CAM_antigrind:1b,CAM_grindtype:2,CAM_anti_sacrifice:1b,CAM_anti_recast:1b}"
						}
					]
				}
			]
		}
	]
}
