{
	"pools": [
		{
			"rolls": 1,
			"entries": [
				{
					"type": "minecraft:item",
					"name": "minecraft:diamond_sword",
					"functions": [
						{
							"function": "minecraft:set_nbt",
							"tag": "{CustomModelData:9102072,id:\"cam:vindicator\",Enchantments:[{id:\"minecraft:unbreaking\",lvl:10},{id:\"minecraft:sharpness\",lvl:31},{id:\"cam:antigrind\"}],CAM_anti_sacrifice:1b,CAM_anti_recast:1b,CAM_antigrind:1b,CAM_grindtype:1,RepairCost:65,CAM_Enchantments:[{id:\"cam:rattlesnake\",lvl:5},{id:\"cam:rampage\",lvl:3b}],display:{Name:'[{\"translate\":\"item.cam.vindicator\",\"color\":\"gold\",\"italic\":false}]',Lore:['{\"translate\":\"enchantment.cam.general\",\"with\":[{\"translate\":\"enchant.cam.rampage\"},{\"translate\":\"enchantment.level.3\"}],\"color\":\"gray\",\"italic\":\"false\"}','{\"translate\":\"enchantment.cam.general\",\"with\":[{\"translate\":\"enchant.cam.rattlesnake\"},{\"translate\":\"enchantment.level.5\"}],\"color\":\"gray\",\"italic\":\"false\"}']}}"
						}
					]
				}
			]
		}
	]
}
