{
	"pools": [
		{
			"rolls": 1,
			"entries": [
				{
					"type": "minecraft:item",
					"name": "minecraft:potion",
					"functions": [
						{
							"function": "minecraft:set_nbt",
							"tag": "{winterwine:1b,display:{Name:'[{\"translate\":\"item.cam.winterwine_rough\",\"color\":\"white\",\"bold\":false,\"italic\":false,\"underlined\":false,\"strikethrough\":false,\"obfuscated\":false}]'},CustomPotionColor:15137533,id:\"cam:winterwine_rough\",CAM_winesped:5,CAM_wine:1b,CAM_alcohol:0,HideFlags:32,CAM_intensity:5b,CAM_winetype:0,CAM_winelimit:200,CAM_if_rough:1b}"
						}
					]
				}
			]
		}
	]
}
