{
    "pools": [
        {
            "rolls": 1,
            "entries": [
                {
                    "type": "item",
                    "name": "lantern",
                    "functions": [
                        {
                            "function": "set_nbt",
                            "tag": "{CAM_palace_lantern:2b,CAM_lantern_type:1,CustomModelData:2224002,id:\"cam:palace_lantern\",display:{Name:'[{\"translate\":\"item.cam.kongmin_lantern\",\"color\":\"white\",\"bold\":false,\"italic\":false,\"underlined\":false,\"strikethrough\":false,\"obfuscated\":false}]',Lore:['{\"translate\":\"lore.cam.general\",\"with\":[{\"translate\":\"lore.cam.color\"},{\"translate\":\"lore.cam.white\"}],\"color\":\"gray\",\"italic\":\"false\"}','{\"translate\":\"lore.cam.general\",\"with\":[{\"translate\":\"lore.cam.pattern\"},{\"translate\":\"lore.cam.hollow\"}],\"color\":\"gray\",\"italic\":\"false\"}']}}"
                        }
                    ]
                },
                {
                    "type": "item",
                    "name": "lantern",
                    "functions": [
                        {
                            "function": "set_nbt",
                            "tag": "{CAM_palace_lantern:2b,CAM_lantern_type:2,CustomModelData:2224006,id:\"cam:palace_lantern\",display:{Name:'[{\"translate\":\"item.cam.kongmin_lantern\",\"color\":\"white\",\"bold\":false,\"italic\":false,\"underlined\":false,\"strikethrough\":false,\"obfuscated\":false}]',Lore:['{\"translate\":\"lore.cam.general\",\"with\":[{\"translate\":\"lore.cam.color\"},{\"translate\":\"lore.cam.white\"}],\"color\":\"gray\",\"italic\":\"false\"}','{\"translate\":\"lore.cam.general\",\"with\":[{\"translate\":\"lore.cam.pattern\"},{\"translate\":\"lore.cam.creeper\"}],\"color\":\"gray\",\"italic\":\"false\"}']}}"
                        }
                    ]
                },
                {
                    "type": "item",
                    "name": "lantern",
                    "functions": [
                        {
                            "function": "set_nbt",
                            "tag": "{CAM_palace_lantern:2b,CAM_lantern_type:3,CustomModelData:2224010,id:\"cam:palace_lantern\",display:{Name:'[{\"translate\":\"item.cam.kongmin_lantern\",\"color\":\"white\",\"bold\":false,\"italic\":false,\"underlined\":false,\"strikethrough\":false,\"obfuscated\":false}]',Lore:['{\"translate\":\"lore.cam.general\",\"with\":[{\"translate\":\"lore.cam.color\"},{\"translate\":\"lore.cam.red\"}],\"color\":\"gray\",\"italic\":\"false\"}','{\"translate\":\"lore.cam.general\",\"with\":[{\"translate\":\"lore.cam.pattern\"},{\"translate\":\"lore.cam.hollow\"}],\"color\":\"gray\",\"italic\":\"false\"}']}}"
                        }
                    ]
                },
                {
                    "type": "item",
                    "name": "lantern",
                    "functions": [
                        {
                            "function": "set_nbt",
                            "tag": "{CAM_palace_lantern:2b,CAM_lantern_type:4,CustomModelData:2224014,id:\"cam:palace_lantern\",display:{Name:'[{\"translate\":\"item.cam.kongmin_lantern\",\"color\":\"white\",\"bold\":false,\"italic\":false,\"underlined\":false,\"strikethrough\":false,\"obfuscated\":false}]',Lore:['{\"translate\":\"lore.cam.general\",\"with\":[{\"translate\":\"lore.cam.color\"},{\"translate\":\"lore.cam.red\"}],\"color\":\"gray\",\"italic\":\"false\"}','{\"translate\":\"lore.cam.general\",\"with\":[{\"translate\":\"lore.cam.pattern\"},{\"translate\":\"lore.cam.creeper\"}],\"color\":\"gray\",\"italic\":\"false\"}']}}"
                        }
                    ]
                },
                {
                    "type": "item",
                    "name": "lantern",
                    "functions": [
                        {
                            "function": "set_nbt",
                            "tag": "{CAM_palace_lantern:2b,CAM_lantern_type:5,CustomModelData:2224018,id:\"cam:palace_lantern\",display:{Name:'[{\"translate\":\"item.cam.kongmin_lantern\",\"color\":\"white\",\"bold\":false,\"italic\":false,\"underlined\":false,\"strikethrough\":false,\"obfuscated\":false}]',Lore:['{\"translate\":\"lore.cam.general\",\"with\":[{\"translate\":\"lore.cam.color\"},{\"translate\":\"lore.cam.white\"}],\"color\":\"gray\",\"italic\":\"false\"}','{\"translate\":\"lore.cam.general\",\"with\":[{\"translate\":\"lore.cam.pattern\"},{\"translate\":\"lore.cam.spring\"}],\"color\":\"gray\",\"italic\":\"false\"}']}}"
                        }
                    ]
                },
                {
                    "type": "item",
                    "name": "lantern",
                    "functions": [
                        {
                            "function": "set_nbt",
                            "tag": "{CAM_palace_lantern:2b,CAM_lantern_type:6,CustomModelData:2224022,id:\"cam:palace_lantern\",display:{Name:'[{\"translate\":\"item.cam.kongmin_lantern\",\"color\":\"white\",\"bold\":false,\"italic\":false,\"underlined\":false,\"strikethrough\":false,\"obfuscated\":false}]',Lore:['{\"translate\":\"lore.cam.general\",\"with\":[{\"translate\":\"lore.cam.color\"},{\"translate\":\"lore.cam.red\"}],\"color\":\"gray\",\"italic\":\"false\"}','{\"translate\":\"lore.cam.general\",\"with\":[{\"translate\":\"lore.cam.pattern\"},{\"translate\":\"lore.cam.spring\"}],\"color\":\"gray\",\"italic\":\"false\"}']}}"
                        }
                    ]
                },
                {
                    "type": "item",
                    "name": "lantern",
                    "functions": [
                        {
                            "function": "set_nbt",
                            "tag": "{CAM_palace_lantern:2b,CAM_lantern_type:7,CustomModelData:2224026,id:\"cam:palace_lantern\",display:{Name:'[{\"translate\":\"item.cam.kongmin_lantern\",\"color\":\"white\",\"bold\":false,\"italic\":false,\"underlined\":false,\"strikethrough\":false,\"obfuscated\":false}]',Lore:['{\"translate\":\"lore.cam.general\",\"with\":[{\"translate\":\"lore.cam.color\"},{\"translate\":\"lore.cam.white\"}],\"color\":\"gray\",\"italic\":\"false\"}','{\"translate\":\"lore.cam.general\",\"with\":[{\"translate\":\"lore.cam.pattern\"},{\"translate\":\"lore.cam.happiness\"}],\"color\":\"gray\",\"italic\":\"false\"}']}}"
                        }
                    ]
                },
                {
                    "type": "item",
                    "name": "lantern",
                    "functions": [
                        {
                            "function": "set_nbt",
                            "tag": "{CAM_palace_lantern:2b,CAM_lantern_type:8,CustomModelData:2224030,id:\"cam:palace_lantern\",display:{Name:'[{\"translate\":\"item.cam.kongmin_lantern\",\"color\":\"white\",\"bold\":false,\"italic\":false,\"underlined\":false,\"strikethrough\":false,\"obfuscated\":false}]',Lore:['{\"translate\":\"lore.cam.general\",\"with\":[{\"translate\":\"lore.cam.color\"},{\"translate\":\"lore.cam.red\"}],\"color\":\"gray\",\"italic\":\"false\"}','{\"translate\":\"lore.cam.general\",\"with\":[{\"translate\":\"lore.cam.pattern\"},{\"translate\":\"lore.cam.happiness\"}],\"color\":\"gray\",\"italic\":\"false\"}']}}"
                        }
                    ]
                },
                {
                    "type": "item",
                    "name": "lantern",
                    "functions": [
                        {
                            "function": "set_nbt",
                            "tag": "{CAM_palace_lantern:2b,CAM_lantern_type:9,CustomModelData:2224034,id:\"cam:palace_lantern\",display:{Name:'[{\"translate\":\"item.cam.kongmin_lantern\",\"color\":\"white\",\"bold\":false,\"italic\":false,\"underlined\":false,\"strikethrough\":false,\"obfuscated\":false}]',Lore:['{\"translate\":\"lore.cam.general\",\"with\":[{\"translate\":\"lore.cam.color\"},{\"translate\":\"lore.cam.white\"}],\"color\":\"gray\",\"italic\":\"false\"}','{\"translate\":\"lore.cam.general\",\"with\":[{\"translate\":\"lore.cam.pattern\"},{\"translate\":\"lore.cam.happiness_ud\"}],\"color\":\"gray\",\"italic\":\"false\"}']}}"
                        }
                    ]
                },
                {
                    "type": "item",
                    "name": "lantern",
                    "functions": [
                        {
                            "function": "set_nbt",
                            "tag": "{CAM_palace_lantern:2b,CAM_lantern_type:10,CustomModelData:2224038,id:\"cam:palace_lantern\",display:{Name:'[{\"translate\":\"item.cam.kongmin_lantern\",\"color\":\"white\",\"bold\":false,\"italic\":false,\"underlined\":false,\"strikethrough\":false,\"obfuscated\":false}]',Lore:['{\"translate\":\"lore.cam.general\",\"with\":[{\"translate\":\"lore.cam.color\"},{\"translate\":\"lore.cam.red\"}],\"color\":\"gray\",\"italic\":\"false\"}','{\"translate\":\"lore.cam.general\",\"with\":[{\"translate\":\"lore.cam.pattern\"},{\"translate\":\"lore.cam.happiness_ud\"}],\"color\":\"gray\",\"italic\":\"false\"}']}}"
                        }
                    ]
                },
                {
                    "type": "item",
                    "name": "lantern",
                    "functions": [
                        {
                            "function": "set_nbt",
                            "tag": "{CAM_palace_lantern:2b,CAM_lantern_type:11,CustomModelData:2224042,id:\"cam:palace_lantern\",display:{Name:'[{\"translate\":\"item.cam.kongmin_lantern\",\"color\":\"white\",\"bold\":false,\"italic\":false,\"underlined\":false,\"strikethrough\":false,\"obfuscated\":false}]',Lore:['{\"translate\":\"lore.cam.general\",\"with\":[{\"translate\":\"lore.cam.color\"},{\"translate\":\"lore.cam.white\"}],\"color\":\"gray\",\"italic\":\"false\"}','{\"translate\":\"lore.cam.general\",\"with\":[{\"translate\":\"lore.cam.pattern\"},{\"translate\":\"lore.cam.mojang\"}],\"color\":\"gray\",\"italic\":\"false\"}']}}"
                        }
                    ]
                },
                {
                    "type": "item",
                    "name": "lantern",
                    "functions": [
                        {
                            "function": "set_nbt",
                            "tag": "{CAM_palace_lantern:2b,CAM_lantern_type:12,CustomModelData:2224046,id:\"cam:palace_lantern\",display:{Name:'[{\"translate\":\"item.cam.kongmin_lantern\",\"color\":\"white\",\"bold\":false,\"italic\":false,\"underlined\":false,\"strikethrough\":false,\"obfuscated\":false}]',Lore:['{\"translate\":\"lore.cam.general\",\"with\":[{\"translate\":\"lore.cam.color\"},{\"translate\":\"lore.cam.red\"}],\"color\":\"gray\",\"italic\":\"false\"}','{\"translate\":\"lore.cam.general\",\"with\":[{\"translate\":\"lore.cam.pattern\"},{\"translate\":\"lore.cam.mojang\"}],\"color\":\"gray\",\"italic\":\"false\"}']}}"
                        }
                    ]
                },
                {
                    "type": "item",
                    "name": "lantern",
                    "functions": [
                        {
                            "function": "set_nbt",
                            "tag": "{CAM_palace_lantern:2b,CAM_lantern_type:13,CustomModelData:2224050,id:\"cam:palace_lantern\",display:{Name:'[{\"translate\":\"item.cam.kongmin_lantern\",\"color\":\"white\",\"bold\":false,\"italic\":false,\"underlined\":false,\"strikethrough\":false,\"obfuscated\":false}]',Lore:['{\"translate\":\"lore.cam.general\",\"with\":[{\"translate\":\"lore.cam.color\"},{\"translate\":\"lore.cam.white\"}],\"color\":\"gray\",\"italic\":\"false\"}','{\"translate\":\"lore.cam.general\",\"with\":[{\"translate\":\"lore.cam.pattern\"},{\"translate\":\"lore.cam.knight\"}],\"color\":\"gray\",\"italic\":\"false\"}']}}"
                        }
                    ]
                },
                {
                    "type": "item",
                    "name": "lantern",
                    "functions": [
                        {
                            "function": "set_nbt",
                            "tag": "{CAM_palace_lantern:2b,CAM_lantern_type:14,CustomModelData:2224054,id:\"cam:palace_lantern\",display:{Name:'[{\"translate\":\"item.cam.kongmin_lantern\",\"color\":\"white\",\"bold\":false,\"italic\":false,\"underlined\":false,\"strikethrough\":false,\"obfuscated\":false}]',Lore:['{\"translate\":\"lore.cam.general\",\"with\":[{\"translate\":\"lore.cam.color\"},{\"translate\":\"lore.cam.red\"}],\"color\":\"gray\",\"italic\":\"false\"}','{\"translate\":\"lore.cam.general\",\"with\":[{\"translate\":\"lore.cam.pattern\"},{\"translate\":\"lore.cam.knight\"}],\"color\":\"gray\",\"italic\":\"false\"}']}}"
                        }
                    ]
                },
                {
                    "type": "item",
                    "name": "lantern",
                    "functions": [
                        {
                            "function": "set_nbt",
                            "tag": "{CAM_palace_lantern:2b,CAM_lantern_type:15,CustomModelData:2224058,id:\"cam:palace_lantern\",display:{Name:'[{\"translate\":\"item.cam.kongmin_lantern\",\"color\":\"white\",\"bold\":false,\"italic\":false,\"underlined\":false,\"strikethrough\":false,\"obfuscated\":false}]',Lore:['{\"translate\":\"lore.cam.general\",\"with\":[{\"translate\":\"lore.cam.color\"},{\"translate\":\"lore.cam.blue\"}],\"color\":\"gray\",\"italic\":\"false\"}','{\"translate\":\"lore.cam.general\",\"with\":[{\"translate\":\"lore.cam.pattern\"},{\"translate\":\"lore.cam.knight\"}],\"color\":\"gray\",\"italic\":\"false\"}']}}"
                        }
                    ]
                },
                {
                    "type": "item",
                    "name": "lantern",
                    "functions": [
                        {
                            "function": "set_nbt",
                            "tag": "{CAM_palace_lantern:2b,CAM_lantern_type:16,CustomModelData:2224062,id:\"cam:palace_lantern\",display:{Name:'[{\"translate\":\"item.cam.kongmin_lantern\",\"color\":\"white\",\"bold\":false,\"italic\":false,\"underlined\":false,\"strikethrough\":false,\"obfuscated\":false}]',Lore:['{\"translate\":\"lore.cam.general\",\"with\":[{\"translate\":\"lore.cam.color\"},{\"translate\":\"lore.cam.white\"}],\"color\":\"gray\",\"italic\":\"false\"}','{\"translate\":\"lore.cam.general\",\"with\":[{\"translate\":\"lore.cam.pattern\"},{\"translate\":\"lore.cam.earth\"}],\"color\":\"gray\",\"italic\":\"false\"}']}}"
                        }
                    ]
                },
                {
                    "type": "item",
                    "name": "lantern",
                    "functions": [
                        {
                            "function": "set_nbt",
                            "tag": "{CAM_palace_lantern:2b,CAM_lantern_type:17,CustomModelData:2224066,id:\"cam:palace_lantern\",display:{Name:'[{\"translate\":\"item.cam.kongmin_lantern\",\"color\":\"white\",\"bold\":false,\"italic\":false,\"underlined\":false,\"strikethrough\":false,\"obfuscated\":false}]',Lore:['{\"translate\":\"lore.cam.general\",\"with\":[{\"translate\":\"lore.cam.color\"},{\"translate\":\"lore.cam.red\"}],\"color\":\"gray\",\"italic\":\"false\"}','{\"translate\":\"lore.cam.general\",\"with\":[{\"translate\":\"lore.cam.pattern\"},{\"translate\":\"lore.cam.earth\"}],\"color\":\"gray\",\"italic\":\"false\"}']}}"
                        }
                    ]
                },
                {
                    "type": "item",
                    "name": "lantern",
                    "functions": [
                        {
                            "function": "set_nbt",
                            "tag": "{CAM_palace_lantern:2b,CAM_lantern_type:18,CustomModelData:2224070,id:\"cam:palace_lantern\",display:{Name:'[{\"translate\":\"item.cam.kongmin_lantern\",\"color\":\"white\",\"bold\":false,\"italic\":false,\"underlined\":false,\"strikethrough\":false,\"obfuscated\":false}]',Lore:['{\"translate\":\"lore.cam.general\",\"with\":[{\"translate\":\"lore.cam.color\"},{\"translate\":\"lore.cam.white\"}],\"color\":\"gray\",\"italic\":\"false\"}','{\"translate\":\"lore.cam.general\",\"with\":[{\"translate\":\"lore.cam.pattern\"},{\"translate\":\"lore.cam.dragon\"}],\"color\":\"gray\",\"italic\":\"false\"}']}}"
                        }
                    ]
                },
                {
                    "type": "item",
                    "name": "lantern",
                    "functions": [
                        {
                            "function": "set_nbt",
                            "tag": "{CAM_palace_lantern:2b,CAM_lantern_type:19,CustomModelData:2224074,id:\"cam:palace_lantern\",display:{Name:'[{\"translate\":\"item.cam.kongmin_lantern\",\"color\":\"white\",\"bold\":false,\"italic\":false,\"underlined\":false,\"strikethrough\":false,\"obfuscated\":false}]',Lore:['{\"translate\":\"lore.cam.general\",\"with\":[{\"translate\":\"lore.cam.color\"},{\"translate\":\"lore.cam.red\"}],\"color\":\"gray\",\"italic\":\"false\"}','{\"translate\":\"lore.cam.general\",\"with\":[{\"translate\":\"lore.cam.pattern\"},{\"translate\":\"lore.cam.dragon\"}],\"color\":\"gray\",\"italic\":\"false\"}']}}"
                        }
                    ]
                },
                {
                    "type": "item",
                    "name": "lantern",
                    "functions": [
                        {
                            "function": "set_nbt",
                            "tag": "{CAM_palace_lantern:2b,CAM_lantern_type:20,CustomModelData:2224078,id:\"cam:palace_lantern\",display:{Name:'[{\"translate\":\"item.cam.kongmin_lantern\",\"color\":\"white\",\"bold\":false,\"italic\":false,\"underlined\":false,\"strikethrough\":false,\"obfuscated\":false}]',Lore:['{\"translate\":\"lore.cam.general\",\"with\":[{\"translate\":\"lore.cam.color\"},{\"translate\":\"lore.cam.white\"}],\"color\":\"gray\",\"italic\":\"false\"}','{\"translate\":\"lore.cam.general\",\"with\":[{\"translate\":\"lore.cam.pattern\"},{\"translate\":\"lore.cam.blackhole\"}],\"color\":\"gray\",\"italic\":\"false\"}']}}"
                        }
                    ]
                },
                {
                    "type": "item",
                    "name": "lantern",
                    "functions": [
                        {
                            "function": "set_nbt",
                            "tag": "{CAM_palace_lantern:2b,CAM_lantern_type:21,CustomModelData:2224082,id:\"cam:palace_lantern\",display:{Name:'[{\"translate\":\"item.cam.kongmin_lantern\",\"color\":\"white\",\"bold\":false,\"italic\":false,\"underlined\":false,\"strikethrough\":false,\"obfuscated\":false}]',Lore:['{\"translate\":\"lore.cam.general\",\"with\":[{\"translate\":\"lore.cam.color\"},{\"translate\":\"lore.cam.red\"}],\"color\":\"gray\",\"italic\":\"false\"}','{\"translate\":\"lore.cam.general\",\"with\":[{\"translate\":\"lore.cam.pattern\"},{\"translate\":\"lore.cam.blackhole\"}],\"color\":\"gray\",\"italic\":\"false\"}']}}"
                        }
                    ]
                },
                {
                    "type": "item",
                    "name": "lantern",
                    "functions": [
                        {
                            "function": "set_nbt",
                            "tag": "{CAM_palace_lantern:2b,CAM_lantern_type:22,CustomModelData:2224086,id:\"cam:palace_lantern\",display:{Name:'[{\"translate\":\"item.cam.kongmin_lantern\",\"color\":\"white\",\"bold\":false,\"italic\":false,\"underlined\":false,\"strikethrough\":false,\"obfuscated\":false}]',Lore:['{\"translate\":\"lore.cam.general\",\"with\":[{\"translate\":\"lore.cam.color\"},{\"translate\":\"lore.cam.white\"}],\"color\":\"gray\",\"italic\":\"false\"}','{\"translate\":\"lore.cam.general\",\"with\":[{\"translate\":\"lore.cam.pattern\"},{\"translate\":\"lore.cam.pure\"}],\"color\":\"gray\",\"italic\":\"false\"}']}}"
                        }
                    ]
                },
                {
                    "type": "item",
                    "name": "lantern",
                    "functions": [
                        {
                            "function": "set_nbt",
                            "tag": "{CAM_palace_lantern:2b,CAM_lantern_type:23,CustomModelData:2224090,id:\"cam:palace_lantern\",display:{Name:'[{\"translate\":\"item.cam.kongmin_lantern\",\"color\":\"white\",\"bold\":false,\"italic\":false,\"underlined\":false,\"strikethrough\":false,\"obfuscated\":false}]',Lore:['{\"translate\":\"lore.cam.general\",\"with\":[{\"translate\":\"lore.cam.color\"},{\"translate\":\"lore.cam.red\"}],\"color\":\"gray\",\"italic\":\"false\"}','{\"translate\":\"lore.cam.general\",\"with\":[{\"translate\":\"lore.cam.pattern\"},{\"translate\":\"lore.cam.pure\"}],\"color\":\"gray\",\"italic\":\"false\"}']}}"
                        }
                    ]
                }
            ]
        }
    ]
}
