{
	"pools": [
		{
			"rolls": 1,
			"entries": [
				{
					"type": "minecraft:item",
					"name": "minecraft:bread",
					"functions": [
						{
							"function": "minecraft:set_nbt",
							"tag": "{CustomModelData:9101002,display:{Name:'[{\"translate\":\"item.cam.anniversary_croissant\",\"italic\":\"false\",\"color\":\"light_purple\"}]',Lore:['{\"translate\":\"text.cam.anniversary_croissant\",\"color\":\"gray\",\"italic\":\"false\"}']},id:\"cam:anniversary_croissant\"}"
						}
					]
				}
			]
		}
	]
}
