{
  "condition": "minecraft:inverted",
  "term": {
    "condition": "minecraft:any_of",
    "terms": [
      {
        "condition": "minecraft:inverted",
        "term": {
          "condition": "minecraft:reference",
          "name": "cam:furance/copper/item_2"
        }
      },
      {
        "condition": "minecraft:inverted",
        "term": {
          "condition": "minecraft:location_check",
          "predicate": {
            "block": {
              "nbt": "{Items:[{Slot:2b,id:\"minecraft:iron_nugget\"}]}"
            }
          }
        }
      }
    ]
  }
}
